varskip_long-0317-1_1_LEFT	ACCAACCAACTTTCGATCTCTTGT
varskip_long-0317-1_2_LEFT	GACGGGCGATTTTGTTAAAGCC
varskip_long-0317-1_1_RIGHT	CCATTCTTCGTAAGGGTGGTCG
varskip_long-0317-1_3_LEFT	TCATGCCTCTAAAAGCCCCAAA
varskip_long-0317-1_2_RIGHT	AGAAAAGTACTGTGCCCTTGCA
varskip_long-0317-1_4_LEFT	AGCACGAAGTTCTACTTGCACC
varskip_long-0317-1_3_RIGHT	AGAGGAAGTTAAGCCATTTATAACTGAA
varskip_long-0317-1_5_LEFT	CCTACCACATTCCACCTAGATGG
varskip_long-0317-1_4_RIGHT	ACCTCATAATTCACATGAAGGTAAAACA
varskip_long-0317-1_6_LEFT	AGAAACCTGCTTCAAGAGAGCT
varskip_long-0317-1_5_RIGHT_altp1	GTTGAAACATCAAATTCGTTTGATGTAC
varskip_long-0317-1_16_LEFT_MISPRIME	CTATGTACTTGGATTGGCTG
varskip_long-0317-1_7_LEFT	CTTGGCTTATGTGGTTAATAATTAATCTTGTAC
varskip_long-0317-1_16_RIGHT_MISPRIME	TGGTGTTAGAAGGTCCTTTTATGTCT
varskip_long-0317-1_6_RIGHT	TGGTGTTAGAAGGTCCTTTTATGTCT
varskip_long-0317-1_8_LEFT	ACAAAGATAGCACTTAAGGGTGGT
varskip_long-0317-1_7_RIGHT	CAAACATGCTGATTTTGACACATGG
varskip_long-0317-1_9_LEFT	ACGTGTAGTCTTTAATGGTGTTTCC
varskip_long-0317-1_8_RIGHT	TCTCGCAAAGGCTCTCAATGAC
varskip_long-0317-1_10_LEFT	ATCAAGGGTACACACCACTGGT
varskip_long-0317-1_9_RIGHT_altb1617	CTGTAGCTTATTTTAATATGGTCTATATGC
varskip_long-0317-1_11_LEFT	TGGCTAAATCTGAATTTGACCGTG
varskip_long-0317-1_10_RIGHT	AATGCAAGAGATGGTTGTGTTCC
varskip_long-0317-1_12_LEFT	GAACCCATGCTTCAGTCAGCTG
varskip_long-0317-1_11_RIGHT	AGGACGAAGATGACAATTTAATTGATTCT
varskip_long-0317-1_13_LEFT	TACGTGCTTTTCAGTAGCTGCA
varskip_long-0317-1_12_RIGHT	ACCAACAATGTGTGATATCAGACAAC
varskip_long-0317-1_14_LEFT	AGCAAAATGTTGGACTGAGACTGA
varskip_long-0317-1_13_RIGHT	CCTAATCAGGAGTATGCTGATGTCT
varskip_long-0317-1_15_LEFT	ATTCTACACTCCAGGGACCACC
varskip_long-0317-1_14_RIGHT	AGTGAATTCAACATTAGAACAGTATGTCT
varskip_long-0317-1_16_LEFT	ATGTACGTGCATGGATTGGCTT
varskip_long-0317-1_15_RIGHT	ACTTCCTTGGAATGTAGTGCGT
varskip_long-0317-1_17_LEFT	TGTAGACATCATGCTAATGAGTACAGA
varskip_long-0317-1_16_RIGHT	AGTTGATGGTGTTGATGTAGAATTGT
varskip_long-0317-1_18_LEFT	AAGTGTGACCTTCAAAATTATGGTGA
varskip_long-0317-1_17_RIGHT	GTACGCTGCTTGTCGATTCAGA
varskip_long-0317-1_19_LEFT_altb1617	TCGAAGACCCAGTCCCTACTTA
varskip_long-0317-1_18_RIGHT_altp1	GAATTTGTGTTTAAGAATATTGATGGTTATTTTAAAATA
varskip_long-0317-1_20_LEFT	CCAGCAACTGTTTGTGGACCTA
varskip_long-0317-1_19_RIGHT	TGTTCTTTTGGTGGTGTCAGTGT
varskip_long-0317-1_21_LEFT	TTCTCTATGAGAACCAAAAATTGATTGC
varskip_long-0317-1_20_RIGHT	ACAGGCAGACTTCAAAGTTTGC
varskip_long-0317-1_22_LEFT	GCTTATTGTTGGCGTTGCACTT
varskip_long-0317-1_21_RIGHT	GTCTACTTCTTGCAGAGTATAAACTTTGT
varskip_long-0317-1_23_LEFT	TGTCTTCTACAATTTGCCTATGCC
varskip_long-0317-1_22_RIGHT	GTGAACTCGTAATCGGAGCTGT
varskip_long-0317-1_24_LEFT	CTTTTGGTTCTCACTTGAACTGCA
varskip_long-0317-1_23_RIGHT	AATCAGCACCTTTAATTGAATTGTGC
varskip_long-0317-1_25_LEFT	GGCCCCAAGGTTTACCCAATAA
varskip_long-0317-1_24_RIGHT	AGGTGCCATCAAATTGGATGACA
varskip_long-0317-1_25_RIGHT	ATGGAAGAGCCCTAATGTGTAAAATT
